timestamp,avg_emotion
2025-12-22 13:32:28,Sad
2025-12-22 13:32:51,Neutral
2025-12-22 13:33:01,Neutral
2025-12-22 13:33:11,Neutral
2025-12-22 13:33:21,Neutral
2025-12-22 13:37:05,Neutral
2025-12-22 13:37:15,Neutral
2025-12-22 13:37:25,Neutral
2025-12-22 13:37:35,Surprise
2025-12-22 13:37:45,Neutral
2025-12-22 13:37:55,Neutral
2025-12-22 13:38:05,Neutral
2025-12-22 13:38:15,Neutral
2025-12-22 13:38:25,Happy
2025-12-23 12:57:41,Neutral
2025-12-23 12:57:51,Neutral
2025-12-23 12:58:01,Neutral
2025-12-23 12:58:11,Neutral
2025-12-23 12:58:21,Neutral
2025-12-23 12:58:31,Neutral
2025-12-23 13:19:19,Sad
2025-12-23 13:19:29,Sad
2025-12-23 13:19:39,Neutral
2025-12-23 13:19:49,Sad
2025-12-23 13:19:59,Sad
2025-12-30 22:38:58,Neutral
2025-12-30 22:39:08,Neutral
2025-12-30 22:39:18,Neutral
2025-12-30 22:39:28,Neutral
2025-12-30 22:39:38,Neutral
2025-12-30 22:39:48,Neutral
2025-12-30 22:40:19,Neutral
2025-12-30 22:40:29,Happy
2025-12-30 22:40:39,Happy
2025-12-30 22:40:49,Happy
2025-12-30 22:40:59,Neutral
2025-12-30 22:41:09,Happy
2025-12-30 22:49:49,Neutral
2025-12-30 22:49:59,Neutral
2025-12-30 22:50:09,Neutral
2025-12-30 22:50:20,Neutral
2025-12-30 22:50:30,Neutral
2025-12-30 22:50:40,Happy
2025-12-30 22:50:50,Happy
2025-12-30 22:51:00,Happy
2025-12-30 22:51:10,Happy
2025-12-30 22:51:20,Happy
2025-12-30 22:51:30,Happy
2025-12-30 22:51:40,Neutral
2025-12-30 22:51:50,Neutral
2025-12-30 22:52:00,Neutral
2025-12-30 22:52:10,Neutral
2025-12-30 22:52:21,Neutral
2025-12-30 22:52:31,Neutral
2025-12-30 22:52:41,Neutral
2025-12-30 22:52:51,Neutral
2025-12-30 22:53:01,Neutral
2025-12-30 22:53:11,Neutral
2025-12-30 22:53:21,Neutral
2025-12-30 22:53:31,Neutral
2025-12-30 22:53:41,Neutral
2025-12-30 22:53:51,Neutral
2025-12-30 22:54:01,Neutral
2025-12-30 22:54:12,Neutral
2025-12-30 22:54:22,Neutral
2025-12-31 07:32:13,Neutral
2025-12-31 08:19:29,Neutral
2025-12-31 08:19:39,Neutral
2025-12-31 08:19:49,Neutral
2025-12-31 08:19:59,Neutral
2025-12-31 09:14:53,Neutral
2025-12-31 09:15:03,Happy
2025-12-31 09:22:34,Neutral
2025-12-31 09:22:44,Neutral
2025-12-31 09:23:47,Neutral
2025-12-31 09:23:57,Neutral
2025-12-31 09:27:33,Neutral
2025-12-31 09:27:43,Sad
2025-12-31 09:34:46,Neutral
2025-12-31 09:34:57,Neutral
2025-12-31 09:35:07,Neutral
2025-12-31 09:35:17,Neutral
2025-12-31 09:35:27,Sad
2025-12-31 20:00:03,Neutral
2025-12-31 20:00:13,Neutral
2025-12-31 20:00:23,Neutral
2026-01-03 12:49:40,Neutral
2026-01-03 16:00:31,Neutral
2026-01-03 16:00:41,Neutral
2026-01-04 12:28:49,Neutral
2026-01-04 17:50:55,Neutral
2026-01-04 19:48:51,Sad
2026-01-04 19:49:01,Sad
2026-01-04 19:49:11,Sad
2026-01-04 19:49:21,Neutral
2026-01-04 19:49:31,Happy
2026-01-04 19:49:41,Sad
2026-01-04 20:00:04,Neutral
2026-01-04 20:00:09,Neutral
2026-01-04 20:00:14,Neutral
2026-01-04 20:00:19,Neutral
2026-01-04 20:00:24,Neutral
2026-01-04 20:00:29,Fear
2026-01-04 20:01:49,Neutral
2026-01-04 20:01:59,Neutral
2026-01-04 20:02:09,Neutral
2026-01-04 20:02:19,Neutral
2026-01-04 20:02:29,Neutral
2026-01-04 20:02:39,Neutral
2026-01-04 20:02:49,Neutral
2026-01-04 20:10:40,Neutral
2026-01-04 20:11:35,Neutral
2026-01-04 20:11:46,Neutral
2026-01-04 20:11:56,Neutral
2026-01-04 20:12:06,Neutral
2026-01-04 20:12:16,Neutral
2026-01-04 20:12:26,Neutral
2026-01-04 20:12:36,Neutral
2026-01-04 20:12:46,Neutral
2026-01-04 20:12:56,Neutral
2026-01-04 20:13:06,Sad
2026-01-04 20:20:13,Neutral
2026-01-04 20:20:23,Neutral
2026-01-04 20:20:33,Neutral
2026-01-04 20:20:43,Neutral
2026-01-04 20:20:53,Neutral
2026-01-04 20:23:18,Neutral
2026-01-04 20:23:28,Happy
2026-01-04 20:23:39,Happy
2026-01-04 20:23:49,Neutral
2026-01-04 21:31:49,Neutral
2026-01-04 21:31:59,Neutral
2026-01-04 21:32:09,Neutral
2026-01-04 21:32:19,Neutral
2026-01-05 07:55:33,Neutral
2026-01-05 07:55:43,Neutral
2026-01-05 07:55:53,Neutral
2026-01-05 07:56:13,Neutral
2026-01-05 09:12:43,Neutral
2026-01-05 09:13:03,Neutral
2026-01-05 09:13:13,Neutral
2026-01-05 09:17:46,Sad
2026-01-05 09:19:52,Neutral
2026-01-05 09:20:35,Neutral
2026-01-05 09:21:19,Neutral
2026-01-05 09:21:30,Neutral
2026-01-05 09:21:40,Neutral
2026-01-05 09:23:14,Neutral
2026-01-05 09:27:45,Neutral
2026-01-05 09:32:22,Neutral
2026-01-05 13:41:22,Neutral
2026-01-05 13:41:32,Sad
2026-01-30 15:05:44,Neutral
2026-01-30 15:05:54,Neutral
